source,author,title,description,url,urlToImage,publishedAt,content
"{'id': None, 'name': 'Memeorandum.com'}",,Judge orders Trump administration to temporarily reinstate foreign aid funding (Megan Lebowitz/NBC News),"Megan Lebowitz / NBC News:
Judge orders Trump administration to temporarily reinstate foreign aid funding  —  President Donald Trump last month signed an executive order that issued a blanket pause on U.S. foreign aid.  —  WASHINGTON — The Trump administratio…",https://www.memeorandum.com/250213/p195,"https://media-cldnry.s-nbcnews.com/image/upload/t_nbcnews-fp-1200-630,f_auto,q_auto:best/rockcms/2025-01/250128-white-house-mb-1022-86094f.jpg",2025-02-14T04:30:00Z,"memeorandum is an auto-generated summary of the stories that US political commentators are discussing online right now.
Unlike sister sites Techmeme and Mediagazer, it is not a human-edited news out… [+72 chars]"
"{'id': 'techradar', 'name': 'TechRadar'}",erichs211@gmail.com (Eric Hal Schwartz),You can now talk to Microsoft Copilot Voice in 40 more languages,The AI assistant's speech goes globe-trotting,https://www.techradar.com/computing/artificial-intelligence/you-can-now-talk-to-microsoft-copilot-voice-in-40-more-languages,https://cdn.mos.cms.futurecdn.net/n3Jsrqu3bCBqQ3ve76kVHV-1200-80.png,2025-02-14T04:30:00Z,<ul><li>Microsoft’s Copilot Voice has been upgraded with 40 new languages</li><li>The AI has also improved its real-time responses</li><li>Microsoft wants to encourage people to engage with Copilot i… [+2258 chars]
"{'id': None, 'name': 'Memeorandum.com'}",,Top U.S. Prosecutors Resign After Order to Drop Eric Adams Case (Wall Street Journal),"Wall Street Journal:
Top U.S. Prosecutors Resign After Order to Drop Eric Adams Case  —  Justice Department says it demanded dismissal of bribery prosecution of New York mayor so he could focus on immigration and violent crime  —  NEW YORK—The Justice Departm…",https://www.memeorandum.com/250213/p194,https://images.wsj.net/im-09722409/social,2025-02-14T04:30:00Z,"memeorandum is an auto-generated summary of the stories that US political commentators are discussing online right now.
Unlike sister sites Techmeme and Mediagazer, it is not a human-edited news out… [+72 chars]"
"{'id': None, 'name': 'Healthcare IT News'}",Adam Ang,IT breach risk ‘very real’ amid job cuts at Te Whatu Ora: union,Public Service Association has asked the Privacy Commissioner and Employment Relations Authority to keep Te Whatu Ora from dismissing roles in data and digital.,https://www.healthcareitnews.com/news/anz/it-breach-risk-very-real-amid-job-cuts-te-whatu-ora-union,https://www.healthcareitnews.com/sites/hitn/files/web_xl-906007320.JPG,2025-02-14T04:29:42Z,"Te Whatu Ora is being taken to the Employment Relations Authority amid its plan to remove a number of positions across the organisation, including many data and digital jobs. 
New Zealand's largest … [+3437 chars]"
"{'id': 'the-times-of-india', 'name': 'The Times of India'}",ETMarkets.com,Share market update: Most active stocks of the day in terms of total traded value,The NSE Nifty index was trading 1.25 points  down  at 23030.15,https://economictimes.indiatimes.com/markets/stocks/stock-watch/share-market-update-most-active-stocks-of-the-day-in-terms-of-total-traded-value/articleshow/118233844.cms,"https://img.etimg.com/thumb/msid-83515267,width-1200,height-630,imgsize-853209,overlay-etmarkets/articleshow.jpg",2025-02-14T04:29:09Z,"(What's moving Sensex and Nifty Track latest market news, stock tips, Budget 2025, Share Market on Budget 2025 and expert advice, on ETMarkets. Also, ETMarkets.com is now on Telegram. For fastest new… [+330 chars]"
"{'id': None, 'name': 'The Diplomat'}",Sebastian Strangio,"Malaysia Will Amend Law on Public Protests, Prime Minister Says",Anwar Ibrahim also said that ongoing investigations against protest organizers would be dropped and that “no further action will be taken.”,https://thediplomat.com/2025/02/malaysia-will-amend-law-on-public-protests-prime-minister-says/,https://thediplomat.com/wp-content/uploads/2024/05/sizes/td-story-s-2/thediplomat_2024-05-28-015949.jpg,2025-02-14T04:28:00Z,"Malaysia has agreed to relax laws on public protests, in particular the need to obtain prior permission for demonstrations, following a controversy over an anti-corruption protest last month.
Prime … [+7624 chars]"
"{'id': None, 'name': 'The Japan Times'}",Jesse Johnson,Top Japan diplomat to hold first trilateral talks with U.S. and South Korea under Trump,"The talks aim to highlight how they will continue to ""unite and work together for regional peace and prosperity,” Foreign Minister Takeshi Iwaya said.",https://www.japantimes.co.jp/news/2025/02/14/japan/politics/japan-us-south-korea-diplomats/,https://www.japantimes.co.jp/japantimes/uploads/images/2025/02/14/452129.jpg?v=3.1,2025-02-14T04:28:00Z,"Foreign Minister Takeshi Iwaya will hold his first trilateral meeting with his counterparts from the U.S. and South Korea on Saturday, on the sidelines of a major multilateral security conference in … [+527 chars]"
"{'id': None, 'name': 'BBC News'}","Jude Sheerin - BBC News, Jaroslav Lukiv - BBC News and Koh Ewe - BBC News",Modi hails US-India 'mega partnership' in Trump meeting,"Trump and Modi, who share warm personal ties, met in the shadow of trade tensions complicating US-India relations.",https://www.bbc.com/news/articles/ckgylj77xz9o?xtor=AL-72-%5Bpartner%5D-%5Byahoo.north.america%5D-%5Bheadline%5D-%5Bnews%5D-%5Bbizdev%5D-%5Bisapi%5D,https://media.zenfs.com/en/bbc_us_articles_995/d68ec941057de5a59a499aa763f36a32,2025-02-14T04:26:03Z,"Indian Prime Minister Narendra Modi has hailed a ""mega partnership"" between the US and India, as he and US leader Donald Trump wrapped up a meeting in which they announced a deal for Delhi to import … [+4354 chars]"
"{'id': None, 'name': 'Dark Horizons'}",Garth Franklin,Brief “Godzilla Minus One” Sequel Update,"Filmmaker Takashi Yamazaki, who directed 2023’s much acclaimed period kaiju epic “Godzilla Minus One,” has given a brief update on the sequel. Yamazaki wrote the screenplay and served as the VFX supervisor on the film which made many top ten lists and won the…",https://www.darkhorizons.com/brief-godzilla-minus-one-sequel-update/,https://cdndark.darkhorizons.com/wp-content/uploads/2023/12/godzilla-minus-one-gets-extended-run.jpg,2025-02-14T04:24:53Z,"Filmmaker Takashi Yamazaki, who directed 2023’s much acclaimed period kaiju epic “Godzilla Minus One,” has given a brief update on the sequel.
Yamazaki wrote the screenplay and served as the VFX sup… [+1108 chars]"
"{'id': None, 'name': 'Lifesciencesworld.com'}",LSW Team,How to get junk removal jobs?,"Getting Junk Removal Jobs: A Comprehensive Guide Introduction Junk removal jobs can be a lucrative and rewarding career path for […]
The post How to get junk removal jobs? appeared first on Life Sciences World.",https://lifesciencesworld.com/how-to-get-junk-removal-jobs/,https://lifesciencesworld.com/wp-content/uploads/2024/12/featured.png,2025-02-14T04:22:39Z,"Getting Junk Removal Jobs: A Comprehensive Guide
Introduction
Junk removal jobs can be a lucrative and rewarding career path for those who enjoy working with their hands, are physically fit, and ha… [+5965 chars]"
"{'id': 'the-times-of-india', 'name': 'The Times of India'}",,"Buy Keystone Realtors, target price Rs 855: JM Financial",Buy Keystone Realtors Ltd. at a price target of Rs 855.0 .,https://economictimes.indiatimes.com/markets/stocks/recos/buy-keystone-realtors-target-price-rs-855-jm-financial/articleshow/118233403.cms,https://img.etimg.com/photo/65498029.cms,2025-02-14T04:21:01Z,"(What's moving Sensex and Nifty Track latest market news, stock tips, Budget 2025, Share Market on Budget 2025 and expert advice, on ETMarkets. Also, ETMarkets.com is now on Telegram. For fastest new… [+330 chars]"
"{'id': 'the-times-of-india', 'name': 'The Times of India'}",ETMarkets.com,"Buy Axis Bank, target price Rs 1,200: ICICI Securities","ICICI Securities recommends buying Axis Bank with a target price of Rs 1,200. The current market price is Rs 1,013.8. Axis Bank's net profit in the latest quarter is Rs 6742.29 crore. Financials and growth profile are discussed. Key risks include rise in slip…",https://economictimes.indiatimes.com/markets/stocks/recos/buy-axis-bank-target-price-rs-1200-icici-securities/articleshow/118201750.cms,"https://img.etimg.com/thumb/msid-118201785,width-1200,height-630,imgsize-35336,overlay-etmarkets/articleshow.jpg",2025-02-14T04:21:00Z,"(What's moving Sensex and Nifty Track latest market news, stock tips, Budget 2025, Share Market on Budget 2025 and expert advice, on ETMarkets. Also, ETMarkets.com is now on Telegram. For fastest new… [+330 chars]"
"{'id': None, 'name': 'Android Central'}",harish.jonnalagadda@futurenet.com (Harish Jonnalagadda),Qualcomm Snapdragon 8 Elite vs. MediaTek Dimensity 9400 vs. Google Tensor G4: What's the best mobile chipset of 2025?,"Qualcomm and MediaTek made sizeable gains with their 2025 SoCs, but which is the best platform? Let's take a look.",https://www.androidcentral.com/phones/qualcomm-snapdragon-8-elite-vs-mediatek-dimensity-9400-vs-google-tensor-g4,https://cdn.mos.cms.futurecdn.net/VF3BWymnpVbiu5DiBHEutD-1200-80.jpg,2025-02-14T04:20:33Z,"It's a particularly interesting year in the mobile industry, with Qualcomm and MediaTek making sizeable gains with their offerings. Qualcomm switched to a fully-custom design after a decade, and the … [+8515 chars]"
"{'id': 'breitbart-news', 'name': 'Breitbart News'}","Joel B. Pollak, Joel B. Pollak","Eaton Fire, Too, Saw Hydrants Run Dry as Pressure Dropped in High Demand","The Eaton Fire, which burned through parts of Altadena and Pasadena, east of Los Angeles, last month, also saw fire hydrants lose water pressure -- even though, unlike Pacific Palisades, there was no empty reservoir to blame.
The post Eaton Fire, Too, Saw Hyd…",https://www.breitbart.com/politics/2025/02/13/eaton-fire-too-saw-hydrants-run-dry-as-pressure-dropped-in-high-demand/,https://media.breitbart.com/media/2025/02/Rabbi-Rivkin-Joel-Pollak-640x335.jpg,2025-02-14T04:20:24Z,"The Eaton Fire, which burned through parts of Altadena and Pasadena, east of Los Angeles, last month, also saw fire hydrants lose water pressure — even though, unlike Pacific Palisades, there was no … [+1945 chars]"
"{'id': 'the-times-of-india', 'name': 'The Times of India'}",ET Online,"Months after Hardik Pandya divorce, Natasa Stankovic gets candid about life’s ‘uncomfortable stage’","Natasa Stankovic reflects on personal transformation post-divorce, focusing on rebuilding her identity. She prioritizes her son Agastya's well-being while embracing new experiences and challenges. The separation from Hardik Pandya was confirmed last year, wit…",https://economictimes.indiatimes.com/magazines/panache/months-after-hardik-pandya-divorce-natasa-stankovic-gets-candid-about-lifes-uncomfortable-stage/articleshow/118233169.cms,"https://img.etimg.com/thumb/msid-118233587,width-1200,height-630,imgsize-36976,overlay-etpanache/articleshow.jpg",2025-02-14T04:19:54Z,"Natasa Stankovic recently took to social media to share a cryptic yet deeply introspective message, hinting at the emotional challenges she is facing while transitioning into a new phase of her life.… [+2407 chars]"
"{'id': None, 'name': 'NDTV News'}",NDTV Movies News Desk,Urvashi Rautela Cancels Appearance On Ranveer Allahbadia's Podcast Show,Urvashi Rautela was supposed to appear on the show following the big box office success of Daaku Maharaaj,https://www.ndtv.com/entertainment/after-b-praak-urvashi-rautela-cancels-her-appearance-on-ranveer-allahbadias-podcast-show-7707124,"https://c.ndtvimg.com/2025-02/2mcuh16o_urvashi-_625x300_14_February_25.jpeg?im=FeatureCrop,algorithm=dnn,width=1200,height=738",2025-02-14T04:18:51Z,"New Delhi: After singer B Praak, Urvashi Rautela has cancelled her appearance on Ranveer Allahbadia's podcast show following his sex remark row. Urvashi Rautela is currently basking in the success of… [+1939 chars]"
"{'id': 'nbc-news', 'name': 'NBC News'}","Chloe Atkins, Fallon Gallagher",New York governor rejects Louisiana's extradition request for doctor in abortion pill case,New York Gov. Kathy Hochul rejected a request to extradite a doctor who was charged with prescribing abortion pills online to a Louisiana resident last month.,https://www.nbcnews.com/news/us-news/ny-gov-hochul-rejects-louisiana-extradition-doctor-abortion-pill-case-rcna192156,"https://media-cldnry.s-nbcnews.com/image/upload/t_nbcnews-fp-1200-630,f_auto,q_auto:best/rockcms/2024-05/240507-Hochul-ch-1600-55dd64.jpg",2025-02-14T04:18:51Z,"New York Gov. Kathy Hochul rejected a request to extradite a doctor who was charged with prescribing abortion pills online to a Louisiana resident last month. 
""I will not be signing an extradition … [+2723 chars]"
"{'id': None, 'name': 'Thepinknews.com'}",PinkNews Reporter,Jacob Elordi embarks on an illicit queer affair in the trailer for On Swift Horses,"Jacob Elordi has traded in his place in the upper echelon of England in Saltburn for plenty of steaming, queer romance in 1950s America in the trailer for his upcoming film, On Swift Horses. The Euphoria star leads the film as Julius, a Korean War veteran tur…",https://www.thepinknews.com/2025/02/14/on-swift-horses-trailer/,https://www.thepinknews.com/wp-content/uploads/2025/02/Jacob_Elordi_On_Swift_Horses_trailer.png,2025-02-14T04:18:45Z,"Jacob Elordi has traded in his place in the upper echelon of England in Saltburn for plenty of steaming, queer romance in 1950s America in the trailer for his upcoming film, On Swift Horses.
The Eup… [+2240 chars]"
"{'id': None, 'name': 'Fark.com'}",,Elementary school kid saved when laptop in their backpack stopped bullet accidentally fired from gun inside another 2nd grader's backpack. Bonus: Nobody knows how gun got into backpack in first place [Scary],Elementary school kid saved when laptop in their backpack stopped bullet accidentally fired from gun inside another 2nd grader's backpack. Bonus: Nobody knows how gun got into backpack in first place,https://www.fark.com/comments/13561846/Elementary-school-kid-saved-when-laptop-in-their-backpack-stopped-bullet-accidentally-fired-from-gun-inside-another-2nd-graders-backpack-Bonus-Nobody-knows-how-gun-got-into-backpack-in-first-place,https://img.fark.net/images/2013/site/farkLogo2Big.gif,2025-02-14T04:17:47Z,"edmo:The District Attorney's Office would not issue a warrant for the second-grade student for unlawful possession of a pistol by a minor.
Golly, that's big of them. A 2nd grade kid is seven years o… [+814 chars]"
"{'id': 'financial-post', 'name': 'Financial Post'}",GlobeNewswire,Pulse Seismic Inc. Reports 2024 Financial Results and Declares Regular and Special Dividends,"CALGARY, Alberta, Feb. 13, 2025 (GLOBE NEWSWIRE) — Pulse Seismic Inc. (TSX:PSD) (OTCQX:PLSDF) (“Pulse” or the “Company”) is pleased to report its financial and operating results for the year ended December 31, 2024. The audited consolidated financial statemen…",https://financialpost.com/globe-newswire/pulse-seismic-inc-reports-2024-financial-results-and-declares-regular-and-special-dividends,,2025-02-14T04:15:31Z,"Author of the article:
Article content
CALGARY, Alberta, Feb. 13, 2025 (GLOBE NEWSWIRE) Pulse Seismic Inc. (TSX:PSD) (OTCQX:PLSDF) (Pulse or the Company) is pleased to report its financial and oper… [+23474 chars]"
"{'id': None, 'name': 'Breaking NEWS in KENYA for Today Right Now & Kenyan News | TUKO'}",Victor Otengo,Sammy Boy Offers to Help Brian Shira’s Grandmother Build New House: “Tukae Chini”,"Brian Chira's granny Esther Njeri might get some help of relocating to a new house if everything goes as planned. However, Sammy Boy is also awaiting others.",https://www.tuko.co.ke/entertainment/celebrities/578845-sammy-boy-offers-brian-shiras-grandmother-build-house-tukae-chini/,https://cdn.tuko.co.ke/images/1200x675/731ea99146b5f22c.jpeg?v=1,2025-02-14T04:15:04Z,<ul><li>Sammy Boy has felt for Brian Chira's granny and decided to offer his assistance in her relocation exercise</li><li>Brian Chira's granny had earlier shared her wish to move from the house that… [+2935 chars]
"{'id': None, 'name': 'Memeorandum.com'}",,Pete Hegseth Crumbles When Asked What Russia Is Conceding to Ukraine (Ellie Quinlan Houghtaling/New Republic),"Ellie Quinlan Houghtaling / New Republic:
Pete Hegseth Crumbles When Asked What Russia Is Conceding to Ukraine … Defense Secretary Pete Hegseth had no clear answer Thursday when asked outright what concessions Russia would be making in peace negotiations with…",https://www.memeorandum.com/250213/p193,https://images.newrepublic.com/ac47d26b4ff6a0d7191fe2ca946eea1f8c4202a3.jpeg?w=1200&h=630&crop=faces&fit=crop&fm=jpg,2025-02-14T04:15:01Z,"memeorandum is an auto-generated summary of the stories that US political commentators are discussing online right now.
Unlike sister sites Techmeme and Mediagazer, it is not a human-edited news out… [+72 chars]"
"{'id': 'al-jazeera-english', 'name': 'Al Jazeera English'}",Al Jazeera,"Russia-Ukraine war: List of key events – day 1,086","Here are the key developments on the 1,086th day of Russia’s full-scale invasion of Ukraine.",https://www.aljazeera.com/news/2025/2/14/russia-ukraine-war-list-of-key-events-day-17,https://www.aljazeera.com/wp-content/uploads/2025/02/AFP__20250213__36XT7WW__v1__HighRes__UkraineRussiaConflictWar-1739503432_62136e-1739504381.jpg?resize=1200%2C630&quality=80,2025-02-14T04:14:58Z,"Here is the situation on Friday, February 14:
Fighting
<ul><li>Russias Defence Ministry announced that its forces have captured Ukraines Vodyane Druhe settlement in the Donetsk region.</li><li>Mosc… [+3317 chars]"
"{'id': None, 'name': 'Yugatech.com'}",Nathan Reyes,Samsung Galaxy S25 Series Camera Issue: FIXED?,"Just a few weeks ago, Samsung released its latest Galaxy S25 line of flagship devices. The trio was launched with the brand dead-set on reclaiming “top dog” status within the Android smartphone space. While the lineup was met with rave reviews, there have adm…",https://www.yugatech.com/mobile/samsung-galaxy-s25-series-camera-issue-fixed/,https://www.yugatech.com/wp-content/uploads/2025/01/samsung-galaxy-S25U-hands-on-19.jpg,2025-02-14T04:14:53Z,"Just a few weeks ago, Samsung released its latest Galaxy S25 line of flagship devices. The trio was launched with the brand dead-set on reclaiming top dog status within the Android smartphone space. … [+1752 chars]"
"{'id': None, 'name': 'GlobeNewswire'}",Pulse Seismic Inc.,Pulse Seismic Inc. Reports 2024 Financial Results and Declares Regular and Special Dividends,"CALGARY, Alberta, Feb. 13, 2025 (GLOBE NEWSWIRE) -- Pulse Seismic Inc. (TSX:PSD) (OTCQX:PLSDF) (“Pulse” or the “Company”) is pleased to report its financial and operating results for the year ended December 31, 2024. The audited consolidated financial stateme…",https://www.globenewswire.com/news-release/2025/02/14/3026409/0/en/Pulse-Seismic-Inc-Reports-2024-Financial-Results-and-Declares-Regular-and-Special-Dividends.html,https://ml.globenewswire.com/Resource/Download/4a98ae31-8e1a-49c1-b4e2-7184b0efc326,2025-02-14T04:14:00Z,"CALGARY, Alberta, Feb. 13, 2025 (GLOBE NEWSWIRE) -- Pulse Seismic Inc. (TSX:PSD) (OTCQX:PLSDF) (Pulse or the Company) is pleased to report its financial and operating results for the year ended Decem… [+20272 chars]"
"{'id': None, 'name': 'Boredpanda.com'}",Ilona Baliūnaitė,Man Refuses To Let Friends Use His Backyard For Wedding After They Deny Him A Plus-One,"When this guy, whose backyard was used for a friend’s wedding, was denied a plus-one because of his ex, he wasn’t going to let it go easily.
The post Man Refuses To Let Friends Use His Backyard For Wedding After They Deny Him A Plus-One first appeared on Bore…",https://www.boredpanda.com/not-letting-use-backyard-friends-wedding/,https://www.boredpanda.com/blog/wp-content/uploads/2025/02/not-letting-use-backyard-friends-wedding-fb.png,2025-02-14T04:13:56Z,"To plus-one or not to plus-one? Here’s a question that probably every couple asks themselves when curating their wedding guest list. On one hand, allowing guests to bring a person with them can make … [+4453 chars]"
"{'id': None, 'name': 'Boxingnews24.com'}",Robert Segal,Will Teofimo Lopez Risk His WBO Title Against Hitchins or Catterall-Barboza Winner?,"Promoter Eddie Hearn says he hasn’t had a “deep conversation” about a unification fight between ... read more
Will Teofimo Lopez Risk His WBO Title Against Hitchins or Catterall-Barboza Winner? @ Boxing News 24",https://www.boxingnews24.com/2025/02/will-teofimo-lopez-risk-his-wbo-title-against-hitchins-or-catterall-barboza-winner/,https://www.boxingnews24.com/wp-content/uploads/2025/01/canelo-ring.jpg,2025-02-14T04:13:17Z,Promoter Eddie Hearn says he hasn’t had a “deep conversation” about a unification fight between his fighter IBF light welterweight champion Richardson Hitchins and WBO champ Teofimo Lopez. Hearn says… [+2320 chars]
"{'id': None, 'name': 'Slashdot.org'}",feedfeeder,Donald Trump unveils reciprocal tariff plan to hit trade partners - Financial Times,"Donald Trump unveils reciprocal tariff plan to hit trade partnersFinancial Times Trump orders up a plan for more tariffs, even as inflation heats upCNN Trump latest: US president's new tariffs signal 'total trade war' - and create 'absolute headache' for UKSk…",https://slashdot.org/firehose.pl?op=view&amp;id=176238747,,2025-02-14T04:13:11Z,"""They that can give up essential liberty to obtain a little temporary
saftey deserve neither liberty not saftey.""
-- Benjamin Franklin, 1759"
"{'id': None, 'name': 'Bleeding Cool News'}",Gavin Sheehan,Mobile Suit Gundam SEED: Battle Destiny Remastered Announced,Bandai Namco revealed this week that Mobile Suit Gundam SEED: Battle Destiny Remastered will be coming out in the West this year. This is the first time Western gamers will be able to play the 2012 PlayStation Vita title without any hacks or special downloads…,https://bleedingcool.com/games/mobile-suit-gundam-seed-battle-destiny-remastered-announced/,https://bleedingcool.com/wp-content/uploads/2025/02/Mobile-Suit-Gundam-SEED-Battle-Destiny-Remastered-Art-2000x1125.jpg,2025-02-14T04:13:07Z,"Posted in: Bandai Namco, Games, Video Games | Tagged: gundam, Mobile Suit Gundam, Mobile Suit Gundam SEED: Battle Destiny Remastered
Western gamers will get to experience Mobile Suit Gundam SEED: Ba… [+2594 chars]"
"{'id': None, 'name': 'Slashdot.org'}",feedfeeder,Trump administration lays off most probationary staff and warns big cuts to come - The Guardian US,"Trump administration lays off most probationary staff and warns big cuts to comeThe Guardian US OPM advises agencies to fire probationary employees after ‘deferred resignation’ deadlineFederal News Network Thousands fired in US government as Trump, Musk purge…",https://slashdot.org/firehose.pl?op=view&amp;id=176238741,,2025-02-14T04:13:00Z,"""They that can give up essential liberty to obtain a little temporary
saftey deserve neither liberty not saftey.""
-- Benjamin Franklin, 1759"
"{'id': None, 'name': 'NDTV News'}",Agence France-Presse,"""US Institutions Stealing Health Of Children"": RFK Jr Hints At Overhaul",Newly confirmed Health Secretary Robert F Kennedy Jr on Thursday accused US institutions of &quot;stealing the health of our children&quot; and suggested they should meet the same fate as USAID.,https://www.ndtv.com/world-news/us-institutions-stealing-health-of-children-rfk-jr-hints-at-overhaul-7707105,"https://c.ndtvimg.com/2024-08/e4jkrhng_rfk-jr-reuters_625x300_24_August_24.jpeg?im=FaceCrop,algorithm=dnn,width=1200,height=738",2025-02-14T04:12:58Z,"Washington, United States: Newly confirmed Health Secretary Robert F Kennedy Jr on Thursday accused US institutions of ""stealing the health of our children"" and suggested they should meet the same fa… [+4218 chars]"
"{'id': None, 'name': 'Slashdot.org'}",feedfeeder,"Given his contract details, Chiefs will want an answer from Travis Kelce soon - NBC Sports","Given his contract details, Chiefs will want an answer from Travis Kelce soonNBC Sports Chiefs give Travis Kelce deadline on decision to retire: reportFox News Travis Kelce Has Sweet Mic'd Up Moment with Patrick Mahomes at End of What Could Be His Final Super…",https://slashdot.org/firehose.pl?op=view&amp;id=176238723,,2025-02-14T04:12:29Z,"""They that can give up essential liberty to obtain a little temporary
saftey deserve neither liberty not saftey.""
-- Benjamin Franklin, 1759"
"{'id': None, 'name': 'Freerepublic.com'}",Gateway Pundit,BREAKING: Biden Judge Blocks Trump From Cancelling Foreign Aid Contracts,"A federal judge on Thursday evening temporarily blocked President Trump from cancelling foreign aid contracts. President Trump last month froze US foreign aid for 90 days. .... Snip.... US District Judge for the District Court of Columbia, Amir Ali, a Biden a…",https://freerepublic.com/focus/f-news/4297499/posts,,2025-02-14T04:11:36Z,"Skip to comments.
BREAKING: Biden Judge Blocks Trump From Cancelling Foreign Aid ContractsGateway Pundit ^
 | February 13, 2025
 | Cristina Laila 
Posted on 02/13/2025 8:11:36 PM PST by Macho MAG… [+6516 chars]"
"{'id': None, 'name': 'Memeorandum.com'}",,"Fact Sheet: President Donald J. Trump Announces ""Fair and Reciprocal Plan"" on Trade (The White House)","The White House:
Fact Sheet: President Donald J. Trump Announces “Fair and Reciprocal Plan” on Trade  —  THE “FAIR AND RECIPROCAL PLAN”: Today, President Donald J. Trump signed a Presidential Memorandum ordering the development of a comprehensive plan for res…",https://www.memeorandum.com/250213/p192,https://www.whitehouse.gov/wp-content/uploads/2025/01/WH47-Social-Share-Card-Navy-1200x628-1.png,2025-02-14T04:10:01Z,"memeorandum is an auto-generated summary of the stories that US political commentators are discussing online right now.
Unlike sister sites Techmeme and Mediagazer, it is not a human-edited news out… [+72 chars]"
"{'id': None, 'name': 'Thegatewaypundit.com'}",Mike LaChance,Watch Greg Gutfeld’s Reaction to Massachusetts Town Hall Meeting About ‘Sanctuary’ for Trans People: ‘Melodrama Queens’ (VIDEO),"Greg Gutfeld's sharp critique of a Massachusetts town hall meeting on transgender sanctuary policies highlights the increasing polarization surrounding this contentious issue. His remarks provoke thought on the broader implications for community dialogue.
The…",https://www.thegatewaypundit.com/2025/02/watch-greg-gutfelds-reaction-massachusetts-town-hall-meeting/,https://www.thegatewaypundit.com/wp-content/uploads/2025/02/greg-gutfeld-worcester-trans-1200x630.jpg,2025-02-14T04:10:00Z,"As the Gateway Pundit reported earlier this week, trans activists in the city of Worcester, Massachusetts showed up at a city council meeting demanding that the city be declared a ‘sanctuary city for… [+1927 chars]"
"{'id': None, 'name': 'NDTV News'}",Asian News International,"""He Didn't Say..."": Shaheen's Big Admission On Altercation With SA Star","In the aftermath of Shaheen's action, he was fined 25 percent of his match fee. He was found to have breached Article 2.12 of the ICC Code of Conduct.",https://sports.ndtv.com/cricket/matthew-didnt-say-shaheen-afridis-big-admission-on-altercation-with-south-africa-star-7706946,https://c.ndtvimg.com/2025-02/7v67lkqo_shaheen-afridi-matthew-breetzke-x_625x300_14_February_25.jpeg,2025-02-14T04:08:18Z,Shaheen Afridi broke the silence about his heated verbal exchange with Matthew Breetzke during the ODI tri-nation series match between Pakistan and South Africa on Wednesday. The incident occurred in… [+2027 chars]
"{'id': None, 'name': 'BusinessLine'}",Team BL,"PM Narendra Modi US visit LIVE: Modi, Trump pledge to double India-US trade to $500 billion by 2030",Indian Prime Minster Narendra Modi said on Thursday the United States and India have set a target of doubling their bilateral trade to $500 billion by 2030 and will work on concluding a mutually beneficial trade agreement very soon.,https://www.thehindubusinessline.com/news/pm-narendra-modi-us-visit-modi-trump-meeting-live-updates/article69218079.ece,https://bl-i.thgim.com/public/incoming/5rfln8/article69217921.ece/alternates/LANDSCAPE_1200/2025-02-13T232744Z_1560399336_RC2YTCA2A6VW_RTRMADP_3_USA-INDIA.JPG,2025-02-14T04:06:37Z,"The United States will increase military sales to India starting in 2025 and will eventually provide F-35 fighter jets, U.S. President Donald Trump said on Thursday.
Addressing a joint news conferen… [+360 chars]"
"{'id': None, 'name': 'BusinessLine'}",Team BL,PM Modi Trump Meeting Highlights: Key takeaways from Modi-Trump meeting in Washington DC,Indian Prime Minster Narendra Modi said on Thursday the United States and India have set a target of doubling their bilateral trade to $500 billion by 2030 and will work on concluding a mutually beneficial trade agreement very soon.,https://www.thehindubusinessline.com/news/pm-narendra-modi-us-visit-modi-trump-meeting-highlights/article69218079.ece,https://bl-i.thgim.com/public/incoming/pnjkys/article69217921.ece/alternates/LANDSCAPE_1200/2025-02-13T232744Z_1560399336_RC2YTCA2A6VW_RTRMADP_3_USA-INDIA.JPG,2025-02-14T04:06:37Z,"<li></li>
February 14, 2025 19:04PM Modi Trump Meeting Live Updates: PM Modi says he didnt discuss Adanis issue with Trump
Prime Minister Narendra Modi said he did not discuss the bribery charges t… [+27542 chars]"
"{'id': 'bbc-news', 'name': 'BBC News'}",,14/02/2025 04:01 GMT,The latest five minute news bulletin from BBC World Service.,https://www.bbc.co.uk/programmes/w172zgfl8v7sswm,https://ichef.bbci.co.uk/images/ic/1200x675/p060dh18.jpg,2025-02-14T04:06:00Z,The latest five minute news bulletin from BBC World Service.
"{'id': None, 'name': 'Theme Park Insider'}",,Minion Land opens at Universal Studios Singapore,"By Robert Niles: Minion Land opened at Universal Studios Singapore this Friday morning. The land features the Singapore debuts of Despicable Me Minion Mayhem and Super Silly Fun Land, including the world premiere of the Buggie Boogie carousel.""With the openin…",https://www.themeparkinsider.com/flume/202502/10718/,https://www.themeparkinsider.com/art/flume/10718.jpg,2025-02-14T04:04:00Z,"February 13, 2025, 11:04 PM · Minion Land opened at Universal Studios Singapore this Friday morning. The land features the Singapore debuts of Despicable Me Minion Mayhem and Super Silly Fun Land, in… [+2263 chars]"
"{'id': None, 'name': 'Mediaite'}",Michael Luciano,CNN’s Roy Wood Jr. on Trump-Musk Relationship: ‘You Ever Had Homeboy Who Had a Girlfriend Nobody Liked?’,"""And he has to act like... 'Oh, we're fine. We're happy.'""
The post CNN’s Roy Wood Jr. on Trump-Musk Relationship: ‘You Ever Had Homeboy Who Had a Girlfriend Nobody Liked?’ first appeared on Mediaite.",https://www.mediaite.com/tv/cnns-roy-wood-jr-on-trump-musk-relationship-you-ever-had-homeboy-who-had-a-girlfriend-nobody-liked/,https://www.mediaite.com/wp-content/uploads/2025/02/Screen-Shot-2025-02-13-at-8-00-31-PM.jpg,2025-02-14T04:03:53Z,"CNN’s Roy Wood Jr. offered a colorful assessment of President Donald Trump’s relationship with Elon Musk.
Musk spent about a quarter of a billion dollars to return Trump to the White House. The Tesl… [+1920 chars]"
"{'id': None, 'name': 'Lifesciencesworld.com'}",LSW Team,How to trade on mal best App?,"How to Trade on Mal Best App: A Comprehensive Guide Introduction Mal Best App is a popular mobile trading platform […]
The post How to trade on mal best App? appeared first on Life Sciences World.",https://lifesciencesworld.com/how-to-trade-on-mal-best-app/,https://lifesciencesworld.com/wp-content/uploads/2024/12/featured.png,2025-02-14T04:03:18Z,"How to Trade on Mal Best App: A Comprehensive Guide
Introduction
Mal Best App is a popular mobile trading platform that offers a wide range of financial instruments, including stocks, options, futu… [+5462 chars]"
"{'id': None, 'name': 'WPXI Pittsburgh'}",Rich Pierce,Sole survivor of Lawrence County crash returns to softball after miraculous recovery,"A young girl who was the sole survivor of a car crash that killed her father, brother and sister has made a near-full recovery.",https://www.wpxi.com/news/local/its-very-tough-sole-survivor-lawrence-county-crash-continues-recovery-returns-softball/RGDUCI677FEK5FE2SEGD66O7IU/,https://cmg-cmg-tv-10080-prod.cdn.arcpublishing.com/resizer/v2/https%3A%2F%2Fd1hfln2sfez66z.cloudfront.net%2F02-14-2025%2Ft_94ffa16f38264684ba26fa00c6cb4b84_name_ellwoodrdaxRAW_frame_20803.jpeg?auth=51279f828a529f88e04339377abc3e356f186b6ab2ba5393067b650aac174df0&width=1200&height=630&smart=true,2025-02-14T04:03:11Z,"CHIPPEWA TOWNSHIP, Pa. — A young girl who was the sole survivor of a car crash that killed her father, brother and sister has made a near-full recovery.
PREVIOUS COVERAGE &gt;&gt;&gt; 3 people dead,… [+2011 chars]"
"{'id': 'the-times-of-india', 'name': 'The Times of India'}",TIMESOFINDIA.COM,Worried about your immigration status? Get advice from experts in US immigration laws,"US News: With the Trump administration departing undocumented immigrants, Indian in America—both legal and undocumented—face growing uncertainty.",https://timesofindia.indiatimes.com/world/us/worried-about-your-immigration-status-get-advice-from-experts-in-us-immigration-laws/articleshow/118232927.cms,"https://static.toiimg.com/thumb/msid-118233166,width-1070,height-580,imgsize-55336,resizemode-75,overlay-toi_sw,pt-32,y_pad-40/photo.jpg",2025-02-14T04:02:29Z,10 best places to see polar bears in their natural habitat
"{'id': 'the-jerusalem-post', 'name': 'The Jerusalem Post'}",BY JPOST EDITORIAL,Extend the ceasefire in the North and protect Israel from Hezbollah,The February 18 withdrawal deadline is fast approaching – but Hezbollah’s violations and the Lebanese Army’s failure to deploy raise serious concerns in Israel.,https://www.jpost.com/opinion/article-842098,"https://images.jpost.com/image/upload/f_auto,fl_lossy/c_fill,g_faces:center,h_407,w_690/649363",2025-02-14T04:01:41Z,"Most of the attention this week, and for the last month, have been justifiably centered on the ceasefire between Israel and Hamas and the shaky hostage release process, which, until now, has seen 16 … [+4377 chars]"
"{'id': None, 'name': 'Yahoo Entertainment'}",Affan Mir,Super Micro Computer (SMCI) – Analyst Raises Price Target Amid Generative AI Expansion,"We recently published a list of 11 AI News and Ratings on Investors’ Radar. In this article, we are going to take a look at where Super Micro Computer, Inc. ...",https://finance.yahoo.com/news/super-micro-computer-smci-analyst-040118826.html,https://s.yimg.com/ny/api/res/1.2/RAy9wIiKz_Z8tJii2cLSBQ--/YXBwaWQ9aGlnaGxhbmRlcjt3PTEyMDA7aD02NzM-/https://media.zenfs.com/en/insidermonkey.com/d3570b25b4644d37337745a1eaa233d5,2025-02-14T04:01:18Z,"We recently published a list of 11 AI News and Ratings on Investors Radar. In this article, we are going to take a look at where Super Micro Computer, Inc. (NASDAQ:SMCI) stands against other AI news … [+4504 chars]"
"{'id': 'abc-news-au', 'name': 'ABC News (AU)'}",Jacqueline Lynch and Andrew Williams,Approval for forest mine expansion leaves environmentalists 'devastated',"The federal government has approved the South32 Worsley Alumina mine expansion in WA, but environmental groups question the cost.",https://www.abc.net.au/news/2025-02-14/federal-approval-for-south32-worsley-alumina-expansion/104934258,https://live-production.wcms.abc-cdn.net.au/79db5a519d5240cf235bc37a1496656d?impolicy=wcms_watermark_news&cropH=2813&cropW=5000&xPos=0&yPos=199&width=862&height=485&imformat=generic,2025-02-14T04:01:01Z,"Environmentalists in WA's south are ""devastated"" by the federal government's green light to expand forest mining activities in the Northern Jarrah Forest.
The Commonwealth this week signed off on th… [+2838 chars]"
"{'id': None, 'name': 'Lewrockwell.com'}",No Author,"Washington Drops Ukraine, Israel Backs Down on Hamas Demands","The two big stories in the news today are the Trump administration saying Ukraine is going to have to give up territory and NATO ambitions in order to secure a peace deal, while Israel appears to retreat from its ceasefire standoff with Hamas. US Secretary of…",https://www.lewrockwell.com/2025/02/no_author/washington-drops-ukraine-israel-backs-down-on-hamas-demands/,https://lrc-cdn.s3.amazonaws.com/assets/2021/02/LRC-share.jpg,2025-02-14T04:01:00Z,"The two big stories in the news today are the Trump administration saying Ukraine is going to have to give up territory and NATO ambitions in order to secure a peace deal, while Israel appears to ret… [+6450 chars]"
"{'id': 'the-times-of-india', 'name': 'The Times of India'}",ETMarkets.com,"Buy Juniper Hotels, target price Rs 360: Axis Securities",Axis Securities issues a buy call on Juniper Hotels with a target price of Rs 360. The company's strong financial performance is supported by increasing demand in the hospitality industry. With a consolidated total income of Rs 260.98 crore and a net profit o…,https://economictimes.indiatimes.com/markets/stocks/recos/buy-juniper-hotels-target-price-rs-360-axis-securities/articleshow/118201413.cms,"https://img.etimg.com/thumb/msid-118201528,width-1200,height-630,imgsize-88728,overlay-etmarkets/articleshow.jpg",2025-02-14T04:01:00Z,"(What's moving Sensex and Nifty Track latest market news, stock tips, Budget 2025, Share Market on Budget 2025 and expert advice, on ETMarkets. Also, ETMarkets.com is now on Telegram. For fastest new… [+330 chars]"
"{'id': 'the-jerusalem-post', 'name': 'The Jerusalem Post'}",BY ZVIKA KLEIN,Editor's notes: Data can measure opinions – but only action can save hostages,We will press the war – because October 7 taught us that evil unchecked becomes genocide. And we will bring the hostages home – because a Jewish state that abandons its children is no state at all.,https://www.jpost.com/opinion/article-842102,"https://images.jpost.com/image/upload/f_auto,fl_lossy/c_fill,g_faces:center,h_407,w_690/648360",2025-02-14T04:00:58Z,"Just a week ago, on Saturday, the images of Or Levy, Eli Sharabi, and Ohad Ben Ami flashed across our screens – emaciated, hollow-eyed, their faces carved with suffering – it was impossible to look a… [+7255 chars]"
"{'id': None, 'name': 'CNX Software'}",Jean-Luc Aufranc (CNXSoft),"Orange Pi AIPro (8T) SBC features a 8 TOPS Huawei Ascend AI SoC, runs Ubuntu or openEuler",Orange Pi AIPro (8T) is a new single board computer for AI applications that features an unnamed Huawei Ascend AI quad-core 64-bit processor delivering up,https://www.cnx-software.com/2025/02/14/orange-pi-aipro-sbc-8-tops-huawei-ascend-ai-soc-ubuntu-openeuler/,https://www.cnx-software.com/wp-content/uploads/2023/12/Orange-Pi-AIPro-8T.jpg,2025-02-14T04:00:40Z,Orange Pi AIPro (8T) is a new single board computer for AI applications that features an unnamed Huawei Ascend AI quad-core 64-bit processor delivering up to 8 TOPS (INT8) of AI inference performance… [+3634 chars]
"{'id': None, 'name': 'Memeorandum.com'}",,"Bird flu infections in dairy cows are more widespread than we thought, according to a new CDC study (Susanne Rust/Los Angeles Times)","Susanne Rust / Los Angeles Times:
Bird flu infections in dairy cows are more widespread than we thought, according to a new CDC study  — CDC report shows H5N1 infection in veterinarians who did not know they were working with infected cattle  — The veterinari…",https://www.memeorandum.com/250213/p191,https://ca-times.brightspotcdn.com/dims4/default/c18c9c6/2147483647/strip/true/crop/6704x3520+0+475/resize/1200x630!/quality/75/?url=https%3A%2F%2Fcalifornia-times-brightspot.s3.amazonaws.com%2F26%2F3d%2F6f27a48f412a877fb5ac66b32f68%2F1298187-me-dairy-pollution-pixley-14-mj.jpg,2025-02-14T04:00:39Z,"memeorandum is an auto-generated summary of the stories that US political commentators are discussing online right now.
Unlike sister sites Techmeme and Mediagazer, it is not a human-edited news out… [+72 chars]"
"{'id': None, 'name': 'Boredpanda.com'}",Viktorija Ošikaitė,"Wife Calls Husband “Unhelpful,” He Fires Back With A List Of Everything He Does","Chores, cooking, and laundry – the three things at home there never seems to be an end to.
The post Wife Calls Husband “Unhelpful,” He Fires Back With A List Of Everything He Does first appeared on Bored Panda.",https://www.boredpanda.com/husband-brings-up-how-much-household-chores-does/,https://www.boredpanda.com/blog/wp-content/uploads/2025/02/husband-brings-up-how-much-household-chores-does-fb.png,2025-02-14T04:00:26Z,"Chores, cooking, and laundry – the three things at home that seem to be never-ending. As there usually seems to be no end in sight, it might be best to tackle them as a team and not leave it to one p… [+6675 chars]"
"{'id': None, 'name': 'Boredpanda.com'}",Rugilė Žemaitytė,"Grandma Overhears Daughter Assuming She’ll Babysit On Valentine’s, Makes Other Plans On Purpose","This grandma was asked out for Valentine's and planned to go, despite her daughter who's a teen mom thinking she would babysit instead.
The post Grandma Overhears Daughter Assuming She’ll Babysit On Valentine’s, Makes Other Plans On Purpose first appeared on …",https://www.boredpanda.com/gradma-makes-valentines-day-plans-avoid-babysitting/,https://www.boredpanda.com/blog/wp-content/uploads/2025/02/gradma-makes-valentines-day-plans-avoid-babysitting-fb.png,2025-02-14T04:00:24Z,"Different demographics mark Valentine’s Day differently. Young people probably gush about it and make plans for the day more often. In fact, according to one survey, 63% of adults age 50 and older sa… [+1090 chars]"
"{'id': None, 'name': 'Screen Rant'}",Karissa Annis,"Borderlands 4: Release Date, Platforms, Story, & Gameplay Details",Everything known about the Borderlands 4 game after the PlayStation State of Play and everything yet to come that players can look forward to.,https://screenrant.com/borderlands-4-release-date-platforms-story-gameplay/,https://static1.srcdn.com/wordpress/wp-content/uploads/2025/02/borderlands-4-release-date-trailer-_-ps5-games-0-58-screenshot.jpg,2025-02-14T04:00:17Z,"During the PlayStation State of Play, players got a lot of new information about the upcoming Borderlands 4. Players got their first glimpse at gameplay and a solid release date, with the usual amoun… [+6183 chars]"
"{'id': None, 'name': 'TODAY'}",Ariana Brockington,‘Found’ stars Shanola Hampton and Mark-Paul Gosselaar talk Gabi and Sir’s ‘sick’ origin story revealed in Season 2,"""Found"" stars Shanola Hampton and Mark-Paul Gosselaar unpack Season 2, Episode 12 with TODAY.com and reveal how it sets up Gabi and Sir's dynamic for the rest of the season.",https://www.today.com/popculture/tv/found-season-2-sir-gabi-origin-story-rcna192079,"https://media-cldnry.s-nbcnews.com/image/upload/t_social_share_1200x630_center,f_auto,q_auto:best/rockcms/2025-02/found-shanola-mark-paul-2x1-zz-250213-d3f04e.jpg",2025-02-14T04:00:00Z,"(Warning: Spoilers from Season 2, Episode 12 of Found.) 
In the latest episode of Found, fans finally receive an answer to one of the biggest questions that has stumped them since the show premiered… [+10703 chars]"
"{'id': None, 'name': 'The Daily Dot'}",Tiffanie Drayton,‘Wait the DMV been snitching?’: Woman calls Allstate to complain about her rates. Then she notices a suspicious change to her bill,"An Allstate Insurance customer believes the DMV may be reporting information to drivers' insurance companies.


In a viral TikTok with over 316,000 views, Nicole Foley (@soulscorestudio) shared why.


The clip began with some very strong language, which she u…",https://www.dailydot.com/news/dmv-report-mileage-insurance-company/,https://uploads.dailydot.com/2025/02/dmv_state_farm_snitching_tiktok.jpg?auto=compress&fm=pjpg,2025-02-14T04:00:00Z,"An Allstate Insurance customer believes the DMV may be reporting information to drivers insurance companies.
In a viral TikTok with over 316,000 views, Nicole Foley (@soulscorestudio) shared why.
T… [+2205 chars]"
"{'id': None, 'name': 'Livedoor.com'}",GIGAZINE（ギガジン）,PlayStation 5の2024年第3四半期における販売台数は950万台で発売以来最高の四半期に、PS5の累計販売台数は7500万台に到達,2025年2月13日にソニーが2024年第3四半期の決算報告を行いました。その中でソニーは2024年10月から12月にかけてPlayStation 5(PS5)を全世界で約950万台販売したことや、PS5の累計販売台数が7500万台に到達したことを報告しています。2024年度 第3四半期 連結業績概要(PDFファイル)https://www.sony.com/ja/SonyInfo/IR/library/presen/er/pdf/24q3_sonypre.pdfPlayStation 5 enjoys best…,https://news.livedoor.com/article/detail/28149814/,https://image.news.livedoor.com/newsimage/stf/7/6/76838_88_19d559efa38f8a9df5792c7ecbbcddaf.jpg,2025-02-14T04:00:00Z,"20252132024320241012PlayStation 5(PS5)950PS57500
2024 3 
(PDF)https://www.sony.com/ja/SonyInfo/IR/library/presen/er/pdf/24q3_sonypre.pdf
PlayStation 5 enjoys best ever holiday period, reaching 75 … [+425 chars]"
"{'id': None, 'name': 'MMA Mania'}",Andrew Richardson,Robo Cop The Contender?,"Gregory Rodrigues has proven to be hugely exciting in his nine-fight UFC career, but can the knockout artist prove himself a genuine contender against Jared Cannonier?",https://www.mmamania.com/2025/2/13/24364654/gregory-rodrigues-middleweights-most-exciting-aims-break-title-contention-ufc-vegas-102-cannonier,https://cdn.vox-cdn.com/thumbor/TpB-aX_5qp9q-hTqUfyJEfotz7U=/0x0:5616x2940/fit-in/1200x630/cdn.vox-cdn.com/uploads/chorus_asset/file/25871227/1424766273.jpg,2025-02-14T04:00:00Z,"I don’t know how you can watch Gregory Rodrigues fight and not love “Robo Cop.”
The 32-year-old Barack Obama impersonator has only been on UFC’s roster for a little more than three years and nine fig… [+3158 chars]"
"{'id': None, 'name': 'Vulture'}",Alejandra Gularte,Issa Rae Cancels Kennedy Center Show With Tiffany Pollard Meme,Issa Rae canceled her upcoming show at the Kennedy Center in response to Trump’s takeover of the cultural venue. More artists are following suit.,http://www.vulture.com/article/kennedy-center-canceled-events.html,https://pyxis.nymag.com/v1/imgs/f03/e05/8c22fcfd0ad98573ddabb2c961e387a809-issa-rae.1x.rsocial.w1200.jpg,2025-02-14T03:59:41Z,"In the wake of several resignations from the board of directors at the John F. Kennedy Center for the Performing Arts due to President Trumps takeover, Issa Rae announced that shes no longer performi… [+1584 chars]"
"{'id': 'the-times-of-india', 'name': 'The Times of India'}",ETMarkets.com,"Nazara Technologies shares in focus after Q3 net profit falls 53% YoY, revenue surges 67%","Nazara Technologies reported a 53% YoY decline in Q3FY25 net profit to Rs 13.6 crore despite a 67% revenue increase to Rs 534.6 crore. Expenses rose 76%, driven by higher advertising and employee costs. Strong gaming segment growth and the acquisition of Fuse…",https://economictimes.indiatimes.com/markets/stocks/news/nazara-technologies-shares-in-focus-after-q3-net-profit-falls-53-yoy-revenue-surges-67/articleshow/118233164.cms,"https://img.etimg.com/thumb/msid-118233136,width-1200,height-630,imgsize-36242,overlay-etmarkets/articleshow.jpg",2025-02-14T03:59:10Z,"Nazara Technologies shares will be in focus on Friday after the online gaming company reported a 53% year-on-year (YoY) decline in net profit to Rs 13.6 crore for Q3FY25, despite strong revenue growt… [+2438 chars]"
"{'id': None, 'name': 'Lifesciencesworld.com'}",LSW Team,How to trade highschool hoop?,"How to Trade High School Hoop: A Comprehensive Guide Introduction High school basketball is a highly competitive sport, and trading […]
The post How to trade highschool hoop? appeared first on Life Sciences World.",https://lifesciencesworld.com/how-to-trade-highschool-hoop/,https://lifesciencesworld.com/wp-content/uploads/2024/12/featured.png,2025-02-14T03:58:31Z,"How to Trade High School Hoop: A Comprehensive Guide
Introduction
High school basketball is a highly competitive sport, and trading high school hoops can be a lucrative way to make a profit. With t… [+5180 chars]"
"{'id': None, 'name': 'Freerepublic.com'}",John Solomon on Twitter X,Secretary of State Marco Rubio's plane diverted back to DC over mechanical issue,"John Solomon @jsolomonReports Secretary of State Marco Rubio's plane diverted back to DC over mechanical issue From justthenews.com 9:10 PM · Feb 13, 2025",https://freerepublic.com/focus/f-news/4297498/posts,,2025-02-14T03:55:54Z,"Skip to comments.
Secretary of State Marco Rubio's plane diverted back to DC over mechanical issue
John Solomon on Twitter X ^
 | February 13, 2025
 | John Solomon 
Posted on 02/13/2025 7:55:54 … [+1638 chars]"
"{'id': 'abc-news-au', 'name': 'ABC News (AU)'}",Evelyn Manfield,Independent records most donations in a single day after spending caps pass,Members of the crossbench have recorded a surge in donations as the two major parties rammed through changes to limit the amount politicians and candidates can spend.,https://www.abc.net.au/news/2025-02-14/independents-donation-spike-electoral-reform/104937430,https://live-production.wcms.abc-cdn.net.au/b07dd02e6660cf3716588ab843f3f268?impolicy=wcms_watermark_news&cropH=2285&cropW=4062&xPos=138&yPos=2&width=862&height=485&imformat=generic,2025-02-14T03:55:48Z,"Independent candidates have recorded a surge in donations as the two major parties rammed through changes to limit the amount politicians and candidates can spend, with one even recording the biggest… [+3688 chars]"
"{'id': None, 'name': 'Freerepublic.com'}",The Daily Signal YT Channel,Victor Davis Hanson: The Left's Addiction to Drama,"Charles Maurice de Talleyrand-Périgord, the French foreign minister after the French Revolution, once remarked, “They have forgotten nothing and they've learned nothing.” Meaning, the same thing is going to happen again and again. That's applicable to today's…",https://freerepublic.com/focus/f-news/4297497/posts,,2025-02-14T03:55:30Z,"Skip to comments.
Victor Davis Hanson: The Left's Addiction to DramaThe Daily Signal YT Channel ^
 | Feb 13 2025
 | victor davis hanson
Posted on 02/13/2025 7:55:30 PM PST by texas booster
Charl… [+2324 chars]"
"{'id': None, 'name': 'Ncspin.com'}",by Lib Campbell,Another Super Bowl in the books,"Over the years the Super Bowl show has grown, more stars show up, and in most of those 59 years, the football games have been disappointing.",https://www.ncspin.com/another-super-bowl-in-the-books,https://www.ncspin.com/content/images/1200x628/62ec32899ce8d.jpg,2025-02-14T03:54:35Z,"Tom and I were just home from our honeymoon when the first Super Bowl was played. It wasn’t called the Super Bowl then, but it was the playoff between the NFC and AFC for the World Championship in fo… [+4476 chars]"
"{'id': None, 'name': 'Slashdot.org'}",feedfeeder,Sec. of State Marco Rubio's plane to Germany turns around after mechanical issue - ABC News,Sec. of State Marco Rubio's plane to Germany turns around after mechanical issueABC News View Full Coverage on Google News ...,https://slashdot.org/firehose.pl?op=view&amp;id=176238509,,2025-02-14T03:52:56Z,The Fine Print: The following comments are owned by whoever posted them. We are not responsible for them in any way.
"{'id': None, 'name': 'Slashdot.org'}",feedfeeder,Almost 3 dozen vehicles involved in crash on WB I-84 near Multnomah Falls - KOMO News,Almost 3 dozen vehicles involved in crash on WB I-84 near Multnomah FallsKOMO News Dozens of vehicles involved in I-84 crash amid ‘whiteout’ conditionsKOIN.com 100 vehicles involved in Oregon highway pileup in treacherous whiteout conditionsNew York Post Seri…,https://slashdot.org/firehose.pl?op=view&amp;id=176238507,,2025-02-14T03:52:46Z,The Fine Print: The following comments are owned by whoever posted them. We are not responsible for them in any way.
"{'id': 'the-jerusalem-post', 'name': 'The Jerusalem Post'}",BY ANDREW LAPIN/JTA,"McMahon, Trump's education secretary pick, says she’ll fight antisemitism but offers few specifics","Trump’s education pick, Linda McMahon, vowed a tough stance on campus antisemitism but faced scrutiny over Title VI cases and university policies at her confirmation hearing.",https://www.jpost.com/american-politics/article-842115,"https://images.jpost.com/image/upload/f_auto,fl_lossy/c_fill,g_faces:center,h_407,w_690/649372",2025-02-14T03:52:39Z,"At her confirmation hearing Thursday, Linda McMahon made clear she expected to face questions about how she would combat campus antisemitism as secretary of education.
“If I am confirmed, the depart… [+6679 chars]"
"{'id': None, 'name': 'Slashdot.org'}",feedfeeder,New York Jets announce they’re moving on from Aaron Rodgers - The Washington Post,"New York Jets announce they’re moving on from Aaron RodgersThe Washington Post Jets splitting from Rodgers, wish him successESPN Aaron Rodgers won't return as New York Jets quarterbackNBC News Jets moving on from QB Aaron Rodgers: Four potential landing spots…",https://slashdot.org/firehose.pl?op=view&amp;id=176238499,,2025-02-14T03:52:25Z,The Fine Print: The following comments are owned by whoever posted them. We are not responsible for them in any way.
"{'id': None, 'name': 'Slashdot.org'}",feedfeeder,CDC scientists face limits on publishing certain research - NPR,CDC scientists face limits on publishing certain researchNPR View Full Coverage on Google News ...,https://slashdot.org/firehose.pl?op=view&amp;id=176238495,,2025-02-14T03:52:14Z,The Fine Print: The following comments are owned by whoever posted them. We are not responsible for them in any way.
"{'id': None, 'name': 'Politicalwire.com'}",Taegan Goddard,The Domination Will Be Televised,"New York Times: “Seeking the media spotlight is nothing new for Mr. Trump. But in his second term, there is already a pronounced trend in how he and his allies are using imagery with an",https://politicalwire.com/2025/02/13/the-domination-will-be-televised/,https://politicalwire.com/wp-content/uploads/2018/02/PW-podcast-logo.jpg,2025-02-14T03:51:44Z,"“There are a lot of blogs and news sites claiming to understand politics, but only a few actually do. Political Wire is one of them.”
 Chuck Todd, host of “Meet the Press”
“Concise. Relevant. To th… [+594 chars]"
"{'id': None, 'name': 'Yahoo Entertainment'}",Abdul Rahman,Accenture plc (ACN) Collaborates to Advance AI and Cloud Innovation in Saudi Arabia,"We recently compiled a list of the Top 10 AI News Updates Investors Should Not Miss. In this article, we are going to take a look at where Accenture plc...",https://finance.yahoo.com/news/accenture-plc-acn-collaborates-advance-035054375.html,https://s.yimg.com/ny/api/res/1.2/nJoIdunzLjlLPOBiGYo18Q--/YXBwaWQ9aGlnaGxhbmRlcjt3PTEyMDA7aD02NzM-/https://media.zenfs.com/en/insidermonkey.com/f07fb05fed412a47f852a46e4fa9dffc,2025-02-14T03:50:54Z,"We recently compiled a list of the Top 10 AI News Updates Investors Should Not Miss. In this article, we are going to take a look at where Accenture plc (NYSE:ACN) stands against the other AI stocks.… [+5666 chars]"
"{'id': None, 'name': 'Crypto Briefing'}",Vivian Nguyen,Wall Street rebel GameStop explores Bitcoin investment amid retail struggles,"GameStop's potential crypto pivot highlights the retail sector's struggle to adapt, possibly reshaping its business model and market perception.
The post Wall Street rebel GameStop explores Bitcoin investment amid retail struggles appeared first on Crypto Bri…",https://cryptobriefing.com/gamestop-bitcoin-investment-exploration/,https://static.cryptobriefing.com/wp-content/uploads/2025/02/13223906/1c728e4a-5985-49f9-bb90-4bb0c554cff3-800x420.jpg,2025-02-14T03:50:24Z,"Key Takeaways
<ul><li>GameStop is considering investing in Bitcoin and other digital assets, though no decision has been made.</li><li>GameStop's Bitcoin talks come at a time when the firm is facing… [+1373 chars]"
"{'id': None, 'name': 'Prtimes.jp'}",,【自分だけの秘密基地】大型バイク対応・居住性に優れたGRIP EARTH「バイクガレージ」2月22日（土）発売,"[VASTLAND株式会社]
[画像1: https://prcdn.freetls.fastly.net/release_image/32692/129/32692-129-8b069b6d86807f92f8a50e030cd425a0-1200x630.jpg?width=536&quality=85%2C75&format=jpeg&auto=webp&fit=bounds&a...",https://prtimes.jp/main/html/rd/p/000000129.000032692.html,https://prcdn.freetls.fastly.net/release_image/32692/129/32692-129-8b069b6d86807f92f8a50e030cd425a0-1200x630.jpg?format=jpeg&auto=webp&fit=bounds&width=2400&height=1260,2025-02-14T03:50:00Z,"VASTLANDGRIP EARTH MS222Amazon
250cm180cm
202522222815OFF
GRIP EARTH
M
250cm180cm2150cm
S200cm175cm110cm
JIS L 1092 BJIS L 1092 JIS L 1925CPAI-84
2
M
<table><tr><td></td><td> 250cm×180cm×15… [+324 chars]"
"{'id': 'the-times-of-india', 'name': 'The Times of India'}",ETMarkets.com,ITC Hotels stock in focus as BAT plans to exit stake by 2026,"BAT plans to divest its 15.3% stake in ITC Hotels by 2026, stating it has no long-term interest in the sector. ITC Hotels, which recently announced a demerger, received a ‘Buy’ rating from Jefferies with a Rs 240 target. Shares closed at Rs 169.9, down 2.75%.",https://economictimes.indiatimes.com/markets/stocks/news/itc-hotels-stock-in-focus-as-bat-plans-to-exit-stake-by-2026/articleshow/118232976.cms,"https://img.etimg.com/thumb/msid-118232966,width-1200,height-630,imgsize-442921,overlay-etmarkets/articleshow.jpg",2025-02-14T03:49:49Z,ITC Hotels shares will remain in focus on Friday after British American Tobacco (BAT) has stated that it has no interest in becoming a long-term shareholder in a hotel chain in India.BAT CEO Tadeu Ma… [+2172 chars]
"{'id': 'fox-news', 'name': 'Fox News'}",Jackson Thompson,"Former SJSU volleyball coach Melissa Batie-Smoose's home was vandalized with a pellet gun, police say",Scotts Valley Police and former SJSU volleyball coach Melissa Batie-Smoose have told Fox News Digital her home was shot at on Monday night.,https://www.foxnews.com/sports/former-sjsu-volleyball-coach-melissa-batie-smooses-home-vandalized-pellet-gun-police-say,https://static.foxnews.com/foxnews.com/content/uploads/2025/02/melissa-batie-smoose-vandalism.jpg,2025-02-14T03:49:38Z,"EXCLUSIVE: The home of former San Jose State University assistant volleyball coach Melissa Batie-Smoose was shot at on Monday night in Scotts Valley, California, Batie-Smoose and local police have to… [+7215 chars]"
"{'id': None, 'name': 'New York Post'}",Sean Mandell,Dave Grohl and wife Jordyn Blum spotted together for first time since shocking baby announcement,Dave Grohl has been all apologies.,https://nypost.com/2025/02/13/entertainment/dave-grohl-and-wife-jordyn-blum-spotted-together-for-first-time-since-shocking-baby-announcement/,https://nypost.com/wp-content/uploads/sites/2/2025/02/98507753-1.jpg?quality=75&strip=all&w=1024,2025-02-14T03:48:54Z,"Dave Grohl and his estranged wife Jordyn Blum have been seen together for the first time since the rocker revealed in September that he fathered a child out of wedlock.
The pair were photographed on… [+4229 chars]"
"{'id': None, 'name': 'Freerepublic.com'}",Benny Johnson on Twitter X,Secretary of Health and Human Services RFK Jr: “We literally have the sickest population in the world... We're going to turn health policy over to people who are actually concerned with public health.,"Benny Johnson @bennyjohnson Secretary of Health and Human Services RFK Jr: “We literally have the sickest population in the world... We're going to turn health policy over to people who are actually concerned with public health."" MAHA!! From Derrick Evans…",https://freerepublic.com/focus/f-news/4297496/posts,,2025-02-14T03:48:31Z,"Skip to comments.
Secretary of Health and Human Services RFK Jr: We literally have the sickest population in the world... We're going to turn health policy over to people who are actually concerned … [+2069 chars]"
"{'id': None, 'name': 'Arambulolive.com'}",Arambulo Live,Arambulo Live - Highlighting Asian/Asian-American Entertainment News,"Photo: 1Z Entertainment P-Pop Kings, SB19, are gearing up for their highly-anticipated comeback with the third and final part of their trilogy, following the mega-success of PAGSIBOL in 2021 and PA…",https://arambulolive.com/2025/02/13/sb19-announces-simula-at-wakas-world-tour-via-billboard-confirms-philippine-arena-as-kick-off-show/,https://arambulolive.com/wp-content/uploads/2025/02/Untitled-design-1-1.png,2025-02-14T03:48:06Z,"P-Pop Kings, SB19, are gearing up for their highly-anticipated comeback with the third and final part of their trilogy, following the mega-success of PAGSIBOL in 2021 and PAGTATAG, which was released… [+1899 chars]"
"{'id': 'abc-news-au', 'name': 'ABC News (AU)'}",Alex Brewster,'Very disturbing' threats prompt new security allowance for Queensland MPs,"Queensland MPs will receive a new allowance of up to $6,500 for home security measures in the wake of ""very disturbing"" threats.",https://www.abc.net.au/news/2025-02-14/queensland-mp-allowance-home-security-disturbing-threats/104937630,https://live-production.wcms.abc-cdn.net.au/7a29110ef487e8630951085e6dffc4ef?impolicy=wcms_watermark_news&cropH=1306&cropW=2322&xPos=0&yPos=19&width=862&height=485&imformat=generic,2025-02-14T03:46:50Z,"Queensland MPs will receive a new allowance of up to $6,500 for home security measures in the wake of ""very disturbing"" threats.
Clerk of the Parliament Neil Laurie said there had been an uptick in … [+2867 chars]"
"{'id': None, 'name': 'Forbes'}","Jill Goldenziel, Contributor, 
 Jill Goldenziel, Contributor
 https://www.forbes.com/sites/jillgoldenziel/",Law Doesn’t Protect Undersea Cables. Russia And China Know It.,Six undersea cables in the Baltic Sea and Taiwan Strait have been severed since November. Russia and China may be exploiting gaps in international law.,https://www.forbes.com/sites/jillgoldenziel/2025/02/13/law-doesnt-protect-undersea-cables-russia-and-china-know-it/,https://imageio.forbes.com/specials-images/imageserve/67aeba77ac8ce62388701ce8/0x0.jpg?format=jpg&height=900&width=1600&fit=bounds,2025-02-14T03:45:52Z,"A picture taken on February 4, 2025 shows optical reconnaissance with binoculars and documentation ... [+] with a camera from the bridge deck of patrol ship HMS Carlskrona (P04), on open water near K… [+7579 chars]"
"{'id': None, 'name': 'WPXI Pittsburgh'}",Wpxi.com News Staff,"Uniontown man accused of sending lewd photos to teen, trying to meet her sentenced to prison","A Fayette County man has been sentenced to prison for sending inappropriate messages and photos to a teen girl on social media, the Attorney General said.",https://www.wpxi.com/news/local/uniontown-man-accused-sending-lewd-photos-teen-trying-meet-her-sentenced-prison/HMDGSWEZ3RFJNKP4L3K35BMACE/,https://cmg-cmg-tv-10080-prod.cdn.arcpublishing.com/resizer/v2/https%3A%2F%2Fcloudfront-us-east-1.images.arcpublishing.com%2Fcmg%2FQWN6MJXCWBFHRDFTLMABEBG5DA.jpeg?auth=d07c4be9cb41d355803a3787176648d2f8042d9de74514a995138fa5c23803b0&width=1200&height=630&smart=true,2025-02-14T03:45:33Z,"UNIONTOWN, Pa. — A Fayette County man has been sentenced to prison for sending inappropriate messages and photos to a teen girl on social media, the Attorney General said.
Attorney General Dave Sund… [+774 chars]"
"{'id': 'nbc-news', 'name': 'NBC News'}",Reuters,U.S. deports to Panama nearly 120 Asian migrants of different nationalities,The United States deported 119 people of different nationalities to Panama as part of a deal between the Trump administration and the Central American nation.,https://www.nbcnews.com/news/world/us-deports-panama-nearly-120-asian-migrants-different-nationalities-rcna192164,"https://media-cldnry.s-nbcnews.com/image/upload/t_nbcnews-fp-1200-630,f_auto,q_auto:best/rockcms/2025-02/250213-Vatican-City-Panama-President-Jose-Raul-Mulino-Quintero-ac-1037p-29e034.jpg",2025-02-14T03:45:05Z,"PANAMA CITY  The United States deported 119 people of different nationalities to Panama as part of an agreement between the Trump administration and the Central American nation, Panamanian President … [+1604 chars]"
"{'id': None, 'name': 'Memeorandum.com'}",,Judge orders Trump administration to restore funds for foreign aid programs (Politico),"Politico:
Judge orders Trump administration to restore funds for foreign aid programs  —  A U.S. district judge said the administration failed to account for the extraordinary harm caused by the broad-based halt.  —  A federal judge has ordered the Trump admi…",https://www.memeorandum.com/250213/p190,https://static.politico.com/82/01/9169958940e6ad30caa130da87cd/white-house-85385.jpg,2025-02-14T03:45:00Z,"memeorandum is an auto-generated summary of the stories that US political commentators are discussing online right now.
Unlike sister sites Techmeme and Mediagazer, it is not a human-edited news out… [+72 chars]"
"{'id': None, 'name': 'NDTV News'}",Bhavya Sukheja,Techie Bagged Rs 7 Crore Promotion But Wife Asked For Divorce. See Post,A tech executive working 14 hours a day recently shared how his relentless pursuit of promotion cost him his marriage.,https://www.ndtv.com/offbeat/techie-who-bagged-rs-7-crore-promotion-shares-how-his-job-cost-him-his-marriage-7706953,"https://i.ndtvimg.com/i/2018-04/divorce-generic-pixabay_650x400_71523846086.jpg?im=FeatureCrop,algorithm=dnn,width=1200,height=738",2025-02-14T03:44:26Z,"A tech executive working 14 hours a day recently shared how his relentless pursuit of promotion cost him his marriage. In a post shared on the anonymous professional community Blind, the man revealed… [+2741 chars]"
"{'id': None, 'name': 'The Daily Caller'}",Mariane Angela,‘There’s A Lot At Stake’: Newt Gingrich Predicts Disaster If GOP Loses House To Democrats In 2026 Elections,"Newt Gingrich told Fox Business host Larry Kudlow Thursday that ""there's a lot at stake"" if the Republicans lose Housein the 2026 elections to the Democrats.",https://dailycaller.com/2025/02/13/newt-gingrich-house-democrats-republicans/,https://cdn01.dailycaller.com/wp-content/uploads/2025/02/Screenshot-2025-02-14-10.01.01-AM-e1739498556555.jpg,2025-02-14T03:44:19Z,Former Republican House Speaker Newt Gingrich told Fox Business host Larry Kudlow Thursday that “there’s a lot at stake” if the Republicans lose the House in the 2026 midterm elections to the Democra… [+3611 chars]
"{'id': None, 'name': 'Freerepublic.com'}",France24,Afghan arrested after car ramming 'attack' wounds 30 in Germany,"Police arrested an Afghan asylum seeker at the scene of what German leaders labelled a car ramming ""attack"" Thursday that wounded 30 people, some seriously, in the southern city of Munich. *snip* News outlet Der Spiegel, citing security sources, reported that…",https://freerepublic.com/focus/f-news/4297495/posts,,2025-02-14T03:43:03Z,"Skip to comments.
Afghan arrested after car ramming 'attack' wounds 30 in GermanyFrance24 ^
 | February 13, 2025
 | no author listed
Posted on 02/13/2025 7:43:03 PM PST by Leaning Right
Police a… [+1895 chars]"
"{'id': 'the-jerusalem-post', 'name': 'The Jerusalem Post'}",BY PHILISSA CRAMER/JTA,Kanye’s swastika shirt inspires a flurry of defiant Jewish spinoffs,"The Israeli American Council is selling a version with the swastika replaced by a simple black Star of David, undercutting Yeezy’s price to land on the Jewishly meaningful price of $18",https://www.jpost.com/diaspora/antisemitism/article-842114,"https://images.jpost.com/image/upload/f_auto,fl_lossy/c_fill,g_faces:center,h_407,w_690/649371",2025-02-14T03:42:40Z,"Kanye West’s swastika shirt is no longer for sale, after the e-commerce platform Shopify said earlier this week, amid an outcry, that he had violated its terms of service.
But a wide array of shirts… [+2579 chars]"
"{'id': None, 'name': 'The Denver Post'}",Patrick Saunders,"Doherty’s Katey Valdez chasing second gold at state wrestling, eyes 2028 Olympics","You wouldn't know it to talk to her, but Doherty's Katey Valdez is an F-5 tornado.",https://www.denverpost.com/2025/02/13/doherty-katey-valdez-chasing-second-gold-state-wrestling-2028-olympics/,https://www.denverpost.com/wp-content/uploads/2025/02/TDP-L-State-Wrestling-RJS-00271.jpg?w=1024&h=740,2025-02-14T03:42:29Z,"You wouldn’t know it to talk to her, but Doherty’s Katey Valdez is an F-5 tornado.
It took the soft-spoken senior a mere 24 seconds to pin Grand Junction Central freshman Kenadee Stewart in the open… [+3312 chars]"
"{'id': 'the-times-of-india', 'name': 'The Times of India'}",Bloomberg,"Trump’s tariffs shake global markets, but bigger shock is for China and India","The US economy demonstrates robust performance, contrary to previous expectations of decline in favor of China and India. Despite recent tariff impositions by President Trump, the US maintains its economic ascendancy, overshadowing other global markets strugg…",https://economictimes.indiatimes.com/news/international/global-trends/trumps-tariffs-shake-global-markets-but-bigger-shock-is-for-china-and-india/articleshow/118232264.cms,"https://img.etimg.com/thumb/msid-118232478,width-1200,height-630,imgsize-42938,overlay-economictimes/articleshow.jpg",2025-02-14T03:42:19Z,"For all the outrage at President Donald Trumps swift and broad imposition of tariffs, theres a bigger challenge for the world. The US economy is on a roll, doing much better than anyone anticipated j… [+4867 chars]"
"{'id': None, 'name': 'Fark.com'}",,Old news: Trump doesn't understand tariffs. New News: Trump doesn't understand VAT [Obvious],Old news: Trump doesn't understand tariffs. New News: Trump doesn't understand VAT,https://www.fark.com/comments/13561900/Old-news-Trump-doesnt-understand-tariffs-New-News-Trump-doesnt-understand-VAT,https://usrimg-850.fark.net/J/JI/fark_JIB_nlZAaVbF3rFEWLN9BHP6KeI.jpg?AWSAccessKeyId=JO3ELGV4BGLFW7Y3EZXN&Expires=1739768400&Signature=dJvGFeLh2MbafWN6cIuxWMYtTbQ%3D,2025-02-14T03:42:13Z,"<li>Links are submitted by members of the Fark community.
</li><li>When community members submit a link, they also write a custom headline for the story.
</li><li>Other Farkers comment on the links… [+177 chars]"
"{'id': None, 'name': 'Freerepublic.com'}",The Hill,House panel advances budget resolution after marathon meeting,"The House Budget Committee advanced a budget resolution after a marathon meeting on Thursday, clearing the first hurdle in the GOP conference’s effort to pass President Trump’s legislative agenda. The panel approved the budget resolution in a party-line 21-16…",https://freerepublic.com/focus/f-news/4297494/posts,,2025-02-14T03:41:54Z,"Skip to comments.
House panel advances budget resolution after marathon meetingThe Hill ^
 | 2/13/2025
 | Mychael Snell
Posted on 02/13/2025 7:41:54 PM PST by gwjack
The House Budget Committee a… [+2780 chars]"
"{'id': 'the-times-of-india', 'name': 'The Times of India'}",ETMarkets.com,"Buy Devyani International, target price Rs 195: JM Financial","JM Financial has issued a buy call for Devyani International, setting a revised target price of Rs 195. While KFC and Pizza Hut's performance was suboptimal, better margins in international and Costa Coffee segments aided growth. The management aims to drive …",https://economictimes.indiatimes.com/markets/stocks/recos/buy-devyani-international-target-price-rs-195-jm-financial/articleshow/118201075.cms,"https://img.etimg.com/thumb/msid-118201129,width-1200,height-630,imgsize-55946,overlay-etmarkets/articleshow.jpg",2025-02-14T03:41:00Z,"(What's moving Sensex and Nifty Track latest market news, stock tips, Budget 2025, Share Market on Budget 2025 and expert advice, on ETMarkets. Also, ETMarkets.com is now on Telegram. For fastest new… [+330 chars]"
